entry_id,entry_date,description,reference,period_id
1,2023-01-21,Engineering Salary 01/2023,SAL-202301-D1,1
2,2023-01-04,Marketing Salary 01/2023,SAL-202301-D2,1
3,2023-01-01,Sales Salary 01/2023,SAL-202301-D3,1
4,2023-01-24,Finance Salary 01/2023,SAL-202301-D4,1
5,2023-01-01,Office Rent 01/2023,RENT-202301,1
6,2023-01-04,Sales Revenue 01/2023 #1,REV-202301-01,1
7,2023-01-03,Sales Revenue 01/2023 #2,REV-202301-02,1
8,2023-01-03,Sales Revenue 01/2023 #3,REV-202301-03,1
9,2023-01-01,Sales Revenue 01/2023 #4,REV-202301-04,1
10,2023-01-23,Sales Revenue 01/2023 #5,REV-202301-05,1
11,2023-01-19,Service Revenue 01/2023 #1,SVC-202301-01,1
12,2023-01-28,Service Revenue 01/2023 #2,SVC-202301-02,1
13,2023-01-26,Service Revenue 01/2023 #3,SVC-202301-03,1
14,2023-01-14,Service Revenue 01/2023 #4,SVC-202301-04,1
15,2023-01-07,AR Collection 01/2023 #1,ARC-202301-01,1
16,2023-01-11,AR Collection 01/2023 #2,ARC-202301-02,1
17,2023-01-13,AR Collection 01/2023 #3,ARC-202301-03,1
18,2023-01-28,AR Collection 01/2023 #4,ARC-202301-04,1
19,2023-01-02,Marketing Campaign 01/2023,MKT-202301,1
20,2023-01-18,Software Licenses Q1 2023,SW-2023Q1,1
21,2023-01-28,Loan Repayment 01/2023,LOAN-202301,1
22,2023-02-04,Engineering Salary 02/2023,SAL-202302-D1,2
23,2023-02-13,Marketing Salary 02/2023,SAL-202302-D2,2
24,2023-02-03,Sales Salary 02/2023,SAL-202302-D3,2
25,2023-02-18,Finance Salary 02/2023,SAL-202302-D4,2
26,2023-02-01,Office Rent 02/2023,RENT-202302,2
27,2023-02-28,Sales Revenue 02/2023 #1,REV-202302-01,2
28,2023-02-03,Sales Revenue 02/2023 #2,REV-202302-02,2
29,2023-02-10,Sales Revenue 02/2023 #3,REV-202302-03,2
30,2023-02-28,Sales Revenue 02/2023 #4,REV-202302-04,2
31,2023-02-21,Sales Revenue 02/2023 #5,REV-202302-05,2
32,2023-02-12,Service Revenue 02/2023 #1,SVC-202302-01,2
33,2023-02-09,Service Revenue 02/2023 #2,SVC-202302-02,2
34,2023-02-22,Service Revenue 02/2023 #3,SVC-202302-03,2
35,2023-02-20,Service Revenue 02/2023 #4,SVC-202302-04,2
36,2023-02-08,AR Collection 02/2023 #1,ARC-202302-01,2
37,2023-02-13,AR Collection 02/2023 #2,ARC-202302-02,2
38,2023-02-21,AR Collection 02/2023 #3,ARC-202302-03,2
39,2023-02-11,Marketing Campaign 02/2023,MKT-202302,2
40,2023-02-28,Loan Repayment 02/2023,LOAN-202302,2
41,2023-03-27,Engineering Salary 03/2023,SAL-202303-D1,3
42,2023-03-25,Marketing Salary 03/2023,SAL-202303-D2,3
43,2023-03-25,Sales Salary 03/2023,SAL-202303-D3,3
44,2023-03-02,Finance Salary 03/2023,SAL-202303-D4,3
45,2023-03-01,Office Rent 03/2023,RENT-202303,3
46,2023-03-13,Sales Revenue 03/2023 #1,REV-202303-01,3
47,2023-03-31,Sales Revenue 03/2023 #2,REV-202303-02,3
48,2023-03-07,Sales Revenue 03/2023 #3,REV-202303-03,3
49,2023-03-30,Sales Revenue 03/2023 #4,REV-202303-04,3
50,2023-03-05,Service Revenue 03/2023 #1,SVC-202303-01,3
51,2023-03-18,Service Revenue 03/2023 #2,SVC-202303-02,3
52,2023-03-24,Service Revenue 03/2023 #3,SVC-202303-03,3
53,2023-03-29,Service Revenue 03/2023 #4,SVC-202303-04,3
54,2023-03-05,AR Collection 03/2023 #1,ARC-202303-01,3
55,2023-03-03,AR Collection 03/2023 #2,ARC-202303-02,3
56,2023-03-28,AR Collection 03/2023 #3,ARC-202303-03,3
57,2023-03-21,AR Collection 03/2023 #4,ARC-202303-04,3
58,2023-03-20,Marketing Campaign 03/2023,MKT-202303,3
59,2023-03-28,Loan Repayment 03/2023,LOAN-202303,3
60,2023-04-03,Engineering Salary 04/2023,SAL-202304-D1,4
61,2023-04-13,Marketing Salary 04/2023,SAL-202304-D2,4
62,2023-04-13,Sales Salary 04/2023,SAL-202304-D3,4
63,2023-04-20,Finance Salary 04/2023,SAL-202304-D4,4
64,2023-04-01,Office Rent 04/2023,RENT-202304,4
65,2023-04-28,Sales Revenue 04/2023 #1,REV-202304-01,4
66,2023-04-04,Sales Revenue 04/2023 #2,REV-202304-02,4
67,2023-04-09,Sales Revenue 04/2023 #3,REV-202304-03,4
68,2023-04-10,Sales Revenue 04/2023 #4,REV-202304-04,4
69,2023-04-24,Sales Revenue 04/2023 #5,REV-202304-05,4
70,2023-04-25,Service Revenue 04/2023 #1,SVC-202304-01,4
71,2023-04-30,Service Revenue 04/2023 #2,SVC-202304-02,4
72,2023-04-21,Service Revenue 04/2023 #3,SVC-202304-03,4
73,2023-04-21,Service Revenue 04/2023 #4,SVC-202304-04,4
74,2023-04-25,AR Collection 04/2023 #1,ARC-202304-01,4
75,2023-04-25,AR Collection 04/2023 #2,ARC-202304-02,4
76,2023-04-30,AR Collection 04/2023 #3,ARC-202304-03,4
77,2023-04-01,Marketing Campaign 04/2023,MKT-202304,4
78,2023-04-12,Software Licenses Q2 2023,SW-2023Q2,4
79,2023-04-28,Loan Repayment 04/2023,LOAN-202304,4
80,2023-05-29,Engineering Salary 05/2023,SAL-202305-D1,5
81,2023-05-27,Marketing Salary 05/2023,SAL-202305-D2,5
82,2023-05-26,Sales Salary 05/2023,SAL-202305-D3,5
83,2023-05-10,Finance Salary 05/2023,SAL-202305-D4,5
84,2023-05-01,Office Rent 05/2023,RENT-202305,5
85,2023-05-31,Sales Revenue 05/2023 #1,REV-202305-01,5
86,2023-05-27,Sales Revenue 05/2023 #2,REV-202305-02,5
87,2023-05-25,Sales Revenue 05/2023 #3,REV-202305-03,5
88,2023-05-31,Sales Revenue 05/2023 #4,REV-202305-04,5
89,2023-05-28,Service Revenue 05/2023 #1,SVC-202305-01,5
90,2023-05-31,Service Revenue 05/2023 #2,SVC-202305-02,5
91,2023-05-18,Service Revenue 05/2023 #3,SVC-202305-03,5
92,2023-05-13,AR Collection 05/2023 #1,ARC-202305-01,5
93,2023-05-21,AR Collection 05/2023 #2,ARC-202305-02,5
94,2023-05-29,AR Collection 05/2023 #3,ARC-202305-03,5
95,2023-05-08,Marketing Campaign 05/2023,MKT-202305,5
96,2023-05-28,Loan Repayment 05/2023,LOAN-202305,5
97,2023-06-03,Engineering Salary 06/2023,SAL-202306-D1,6
98,2023-06-11,Marketing Salary 06/2023,SAL-202306-D2,6
99,2023-06-01,Sales Salary 06/2023,SAL-202306-D3,6
100,2023-06-19,Finance Salary 06/2023,SAL-202306-D4,6
101,2023-06-01,Office Rent 06/2023,RENT-202306,6
102,2023-06-03,Sales Revenue 06/2023 #1,REV-202306-01,6
103,2023-06-03,Sales Revenue 06/2023 #2,REV-202306-02,6
104,2023-06-03,Sales Revenue 06/2023 #3,REV-202306-03,6
105,2023-06-16,Sales Revenue 06/2023 #4,REV-202306-04,6
106,2023-06-30,Sales Revenue 06/2023 #5,REV-202306-05,6
107,2023-06-08,Sales Revenue 06/2023 #6,REV-202306-06,6
108,2023-06-07,Service Revenue 06/2023 #1,SVC-202306-01,6
109,2023-06-22,Service Revenue 06/2023 #2,SVC-202306-02,6
110,2023-06-14,Service Revenue 06/2023 #3,SVC-202306-03,6
111,2023-06-28,Service Revenue 06/2023 #4,SVC-202306-04,6
112,2023-06-21,AR Collection 06/2023 #1,ARC-202306-01,6
113,2023-06-13,AR Collection 06/2023 #2,ARC-202306-02,6
114,2023-06-26,AR Collection 06/2023 #3,ARC-202306-03,6
115,2023-06-07,Marketing Campaign 06/2023,MKT-202306,6
116,2023-06-28,Loan Repayment 06/2023,LOAN-202306,6
117,2023-07-18,Engineering Salary 07/2023,SAL-202307-D1,7
118,2023-07-15,Marketing Salary 07/2023,SAL-202307-D2,7
119,2023-07-05,Sales Salary 07/2023,SAL-202307-D3,7
120,2023-07-14,Finance Salary 07/2023,SAL-202307-D4,7
121,2023-07-01,Office Rent 07/2023,RENT-202307,7
122,2023-07-30,Sales Revenue 07/2023 #1,REV-202307-01,7
123,2023-07-28,Sales Revenue 07/2023 #2,REV-202307-02,7
124,2023-07-18,Sales Revenue 07/2023 #3,REV-202307-03,7
125,2023-07-30,Sales Revenue 07/2023 #4,REV-202307-04,7
126,2023-07-16,Service Revenue 07/2023 #1,SVC-202307-01,7
127,2023-07-28,Service Revenue 07/2023 #2,SVC-202307-02,7
128,2023-07-02,Service Revenue 07/2023 #3,SVC-202307-03,7
129,2023-07-13,AR Collection 07/2023 #1,ARC-202307-01,7
130,2023-07-26,AR Collection 07/2023 #2,ARC-202307-02,7
131,2023-07-10,AR Collection 07/2023 #3,ARC-202307-03,7
132,2023-07-26,Marketing Campaign 07/2023,MKT-202307,7
133,2023-07-23,Software Licenses Q3 2023,SW-2023Q3,7
134,2023-07-28,Loan Repayment 07/2023,LOAN-202307,7
135,2023-08-16,Engineering Salary 08/2023,SAL-202308-D1,8
136,2023-08-05,Marketing Salary 08/2023,SAL-202308-D2,8
137,2023-08-07,Sales Salary 08/2023,SAL-202308-D3,8
138,2023-08-10,Finance Salary 08/2023,SAL-202308-D4,8
139,2023-08-01,Office Rent 08/2023,RENT-202308,8
140,2023-08-18,Sales Revenue 08/2023 #1,REV-202308-01,8
141,2023-08-02,Sales Revenue 08/2023 #2,REV-202308-02,8
142,2023-08-28,Sales Revenue 08/2023 #3,REV-202308-03,8
143,2023-08-17,Sales Revenue 08/2023 #4,REV-202308-04,8
144,2023-08-03,Service Revenue 08/2023 #1,SVC-202308-01,8
145,2023-08-22,Service Revenue 08/2023 #2,SVC-202308-02,8
146,2023-08-13,Service Revenue 08/2023 #3,SVC-202308-03,8
147,2023-08-19,AR Collection 08/2023 #1,ARC-202308-01,8
148,2023-08-20,AR Collection 08/2023 #2,ARC-202308-02,8
149,2023-08-03,AR Collection 08/2023 #3,ARC-202308-03,8
150,2023-08-17,Marketing Campaign 08/2023,MKT-202308,8
151,2023-08-28,Loan Repayment 08/2023,LOAN-202308,8
152,2023-09-11,Engineering Salary 09/2023,SAL-202309-D1,9
153,2023-09-30,Marketing Salary 09/2023,SAL-202309-D2,9
154,2023-09-09,Sales Salary 09/2023,SAL-202309-D3,9
155,2023-09-07,Finance Salary 09/2023,SAL-202309-D4,9
156,2023-09-01,Office Rent 09/2023,RENT-202309,9
157,2023-09-13,Sales Revenue 09/2023 #1,REV-202309-01,9
158,2023-09-15,Sales Revenue 09/2023 #2,REV-202309-02,9
159,2023-09-03,Sales Revenue 09/2023 #3,REV-202309-03,9
160,2023-09-19,Sales Revenue 09/2023 #4,REV-202309-04,9
161,2023-09-07,Sales Revenue 09/2023 #5,REV-202309-05,9
162,2023-09-12,Sales Revenue 09/2023 #6,REV-202309-06,9
163,2023-09-12,Service Revenue 09/2023 #1,SVC-202309-01,9
164,2023-09-15,Service Revenue 09/2023 #2,SVC-202309-02,9
165,2023-09-23,Service Revenue 09/2023 #3,SVC-202309-03,9
166,2023-09-26,AR Collection 09/2023 #1,ARC-202309-01,9
167,2023-09-01,AR Collection 09/2023 #2,ARC-202309-02,9
168,2023-09-18,AR Collection 09/2023 #3,ARC-202309-03,9
169,2023-09-22,AR Collection 09/2023 #4,ARC-202309-04,9
170,2023-09-09,Marketing Campaign 09/2023,MKT-202309,9
171,2023-09-28,Loan Repayment 09/2023,LOAN-202309,9
172,2023-10-04,Engineering Salary 10/2023,SAL-202310-D1,10
173,2023-10-29,Marketing Salary 10/2023,SAL-202310-D2,10
174,2023-10-04,Sales Salary 10/2023,SAL-202310-D3,10
175,2023-10-24,Finance Salary 10/2023,SAL-202310-D4,10
176,2023-10-01,Office Rent 10/2023,RENT-202310,10
177,2023-10-07,Sales Revenue 10/2023 #1,REV-202310-01,10
178,2023-10-21,Sales Revenue 10/2023 #2,REV-202310-02,10
179,2023-10-09,Sales Revenue 10/2023 #3,REV-202310-03,10
180,2023-10-03,Sales Revenue 10/2023 #4,REV-202310-04,10
181,2023-10-02,Sales Revenue 10/2023 #5,REV-202310-05,10
182,2023-10-21,Sales Revenue 10/2023 #6,REV-202310-06,10
183,2023-10-15,Service Revenue 10/2023 #1,SVC-202310-01,10
184,2023-10-14,Service Revenue 10/2023 #2,SVC-202310-02,10
185,2023-10-04,Service Revenue 10/2023 #3,SVC-202310-03,10
186,2023-10-29,Service Revenue 10/2023 #4,SVC-202310-04,10
187,2023-10-27,AR Collection 10/2023 #1,ARC-202310-01,10
188,2023-10-18,AR Collection 10/2023 #2,ARC-202310-02,10
189,2023-10-05,AR Collection 10/2023 #3,ARC-202310-03,10
190,2023-10-30,Marketing Campaign 10/2023,MKT-202310,10
191,2023-10-28,Software Licenses Q4 2023,SW-2023Q4,10
192,2023-10-28,Loan Repayment 10/2023,LOAN-202310,10
193,2023-11-02,Engineering Salary 11/2023,SAL-202311-D1,11
194,2023-11-29,Marketing Salary 11/2023,SAL-202311-D2,11
195,2023-11-12,Sales Salary 11/2023,SAL-202311-D3,11
196,2023-11-07,Finance Salary 11/2023,SAL-202311-D4,11
197,2023-11-01,Office Rent 11/2023,RENT-202311,11
198,2023-11-25,Sales Revenue 11/2023 #1,REV-202311-01,11
199,2023-11-20,Sales Revenue 11/2023 #2,REV-202311-02,11
200,2023-11-08,Sales Revenue 11/2023 #3,REV-202311-03,11
201,2023-11-26,Sales Revenue 11/2023 #4,REV-202311-04,11
202,2023-11-06,Sales Revenue 11/2023 #5,REV-202311-05,11
203,2023-11-30,Sales Revenue 11/2023 #6,REV-202311-06,11
204,2023-11-28,Service Revenue 11/2023 #1,SVC-202311-01,11
205,2023-11-08,Service Revenue 11/2023 #2,SVC-202311-02,11
206,2023-11-26,Service Revenue 11/2023 #3,SVC-202311-03,11
207,2023-11-13,Service Revenue 11/2023 #4,SVC-202311-04,11
208,2023-11-08,AR Collection 11/2023 #1,ARC-202311-01,11
209,2023-11-30,AR Collection 11/2023 #2,ARC-202311-02,11
210,2023-11-10,AR Collection 11/2023 #3,ARC-202311-03,11
211,2023-11-08,Marketing Campaign 11/2023,MKT-202311,11
212,2023-11-28,Loan Repayment 11/2023,LOAN-202311,11
213,2023-12-01,Engineering Salary 12/2023,SAL-202312-D1,12
214,2023-12-22,Marketing Salary 12/2023,SAL-202312-D2,12
215,2023-12-07,Sales Salary 12/2023,SAL-202312-D3,12
216,2023-12-13,Finance Salary 12/2023,SAL-202312-D4,12
217,2023-12-01,Office Rent 12/2023,RENT-202312,12
218,2023-12-25,Sales Revenue 12/2023 #1,REV-202312-01,12
219,2023-12-13,Sales Revenue 12/2023 #2,REV-202312-02,12
220,2023-12-11,Sales Revenue 12/2023 #3,REV-202312-03,12
221,2023-12-09,Sales Revenue 12/2023 #4,REV-202312-04,12
222,2023-12-09,Sales Revenue 12/2023 #5,REV-202312-05,12
223,2023-12-14,Service Revenue 12/2023 #1,SVC-202312-01,12
224,2023-12-26,Service Revenue 12/2023 #2,SVC-202312-02,12
225,2023-12-20,Service Revenue 12/2023 #3,SVC-202312-03,12
226,2023-12-19,AR Collection 12/2023 #1,ARC-202312-01,12
227,2023-12-02,AR Collection 12/2023 #2,ARC-202312-02,12
228,2023-12-01,AR Collection 12/2023 #3,ARC-202312-03,12
229,2023-12-22,Marketing Campaign 12/2023,MKT-202312,12
230,2023-12-28,Loan Repayment 12/2023,LOAN-202312,12
231,2024-01-24,Engineering Salary 01/2024,SAL-202401-D1,13
232,2024-01-31,Marketing Salary 01/2024,SAL-202401-D2,13
233,2024-01-24,Sales Salary 01/2024,SAL-202401-D3,13
234,2024-01-24,Finance Salary 01/2024,SAL-202401-D4,13
235,2024-01-01,Office Rent 01/2024,RENT-202401,13
236,2024-01-31,Sales Revenue 01/2024 #1,REV-202401-01,13
237,2024-01-11,Sales Revenue 01/2024 #2,REV-202401-02,13
238,2024-01-29,Sales Revenue 01/2024 #3,REV-202401-03,13
239,2024-01-14,Sales Revenue 01/2024 #4,REV-202401-04,13
240,2024-01-18,Sales Revenue 01/2024 #5,REV-202401-05,13
241,2024-01-31,Sales Revenue 01/2024 #6,REV-202401-06,13
242,2024-01-29,Service Revenue 01/2024 #1,SVC-202401-01,13
243,2024-01-19,Service Revenue 01/2024 #2,SVC-202401-02,13
244,2024-01-18,Service Revenue 01/2024 #3,SVC-202401-03,13
245,2024-01-10,Service Revenue 01/2024 #4,SVC-202401-04,13
246,2024-01-26,AR Collection 01/2024 #1,ARC-202401-01,13
247,2024-01-21,AR Collection 01/2024 #2,ARC-202401-02,13
248,2024-01-15,AR Collection 01/2024 #3,ARC-202401-03,13
249,2024-01-07,AR Collection 01/2024 #4,ARC-202401-04,13
250,2024-01-31,Marketing Campaign 01/2024,MKT-202401,13
251,2024-01-06,Software Licenses Q1 2024,SW-2024Q1,13
252,2024-01-28,Loan Repayment 01/2024,LOAN-202401,13
253,2024-02-22,Engineering Salary 02/2024,SAL-202402-D1,14
254,2024-02-03,Marketing Salary 02/2024,SAL-202402-D2,14
255,2024-02-10,Sales Salary 02/2024,SAL-202402-D3,14
256,2024-02-17,Finance Salary 02/2024,SAL-202402-D4,14
257,2024-02-01,Office Rent 02/2024,RENT-202402,14
258,2024-02-27,Sales Revenue 02/2024 #1,REV-202402-01,14
259,2024-02-10,Sales Revenue 02/2024 #2,REV-202402-02,14
260,2024-02-01,Sales Revenue 02/2024 #3,REV-202402-03,14
261,2024-02-20,Sales Revenue 02/2024 #4,REV-202402-04,14
262,2024-02-14,Sales Revenue 02/2024 #5,REV-202402-05,14
263,2024-02-23,Sales Revenue 02/2024 #6,REV-202402-06,14
264,2024-02-08,Service Revenue 02/2024 #1,SVC-202402-01,14
265,2024-02-23,Service Revenue 02/2024 #2,SVC-202402-02,14
266,2024-02-25,Service Revenue 02/2024 #3,SVC-202402-03,14
267,2024-02-29,Service Revenue 02/2024 #4,SVC-202402-04,14
268,2024-02-08,AR Collection 02/2024 #1,ARC-202402-01,14
269,2024-02-23,AR Collection 02/2024 #2,ARC-202402-02,14
270,2024-02-02,AR Collection 02/2024 #3,ARC-202402-03,14
271,2024-02-04,Marketing Campaign 02/2024,MKT-202402,14
272,2024-02-28,Loan Repayment 02/2024,LOAN-202402,14
273,2024-03-15,Engineering Salary 03/2024,SAL-202403-D1,15
274,2024-03-05,Marketing Salary 03/2024,SAL-202403-D2,15
275,2024-03-26,Sales Salary 03/2024,SAL-202403-D3,15
276,2024-03-15,Finance Salary 03/2024,SAL-202403-D4,15
277,2024-03-01,Office Rent 03/2024,RENT-202403,15
278,2024-03-11,Sales Revenue 03/2024 #1,REV-202403-01,15
279,2024-03-20,Sales Revenue 03/2024 #2,REV-202403-02,15
280,2024-03-14,Sales Revenue 03/2024 #3,REV-202403-03,15
281,2024-03-29,Sales Revenue 03/2024 #4,REV-202403-04,15
282,2024-03-15,Sales Revenue 03/2024 #5,REV-202403-05,15
283,2024-03-21,Sales Revenue 03/2024 #6,REV-202403-06,15
284,2024-03-17,Service Revenue 03/2024 #1,SVC-202403-01,15
285,2024-03-08,Service Revenue 03/2024 #2,SVC-202403-02,15
286,2024-03-03,Service Revenue 03/2024 #3,SVC-202403-03,15
287,2024-03-08,Service Revenue 03/2024 #4,SVC-202403-04,15
288,2024-03-29,AR Collection 03/2024 #1,ARC-202403-01,15
289,2024-03-05,AR Collection 03/2024 #2,ARC-202403-02,15
290,2024-03-13,AR Collection 03/2024 #3,ARC-202403-03,15
291,2024-03-23,AR Collection 03/2024 #4,ARC-202403-04,15
292,2024-03-11,Marketing Campaign 03/2024,MKT-202403,15
293,2024-03-28,Loan Repayment 03/2024,LOAN-202403,15
294,2024-04-18,Engineering Salary 04/2024,SAL-202404-D1,16
295,2024-04-15,Marketing Salary 04/2024,SAL-202404-D2,16
296,2024-04-14,Sales Salary 04/2024,SAL-202404-D3,16
297,2024-04-02,Finance Salary 04/2024,SAL-202404-D4,16
298,2024-04-01,Office Rent 04/2024,RENT-202404,16
299,2024-04-25,Sales Revenue 04/2024 #1,REV-202404-01,16
300,2024-04-28,Sales Revenue 04/2024 #2,REV-202404-02,16
301,2024-04-16,Sales Revenue 04/2024 #3,REV-202404-03,16
302,2024-04-25,Sales Revenue 04/2024 #4,REV-202404-04,16
303,2024-04-27,Service Revenue 04/2024 #1,SVC-202404-01,16
304,2024-04-24,Service Revenue 04/2024 #2,SVC-202404-02,16
305,2024-04-26,Service Revenue 04/2024 #3,SVC-202404-03,16
306,2024-04-08,Service Revenue 04/2024 #4,SVC-202404-04,16
307,2024-04-14,AR Collection 04/2024 #1,ARC-202404-01,16
308,2024-04-13,AR Collection 04/2024 #2,ARC-202404-02,16
309,2024-04-22,AR Collection 04/2024 #3,ARC-202404-03,16
310,2024-04-24,AR Collection 04/2024 #4,ARC-202404-04,16
311,2024-04-05,Marketing Campaign 04/2024,MKT-202404,16
312,2024-04-18,Software Licenses Q2 2024,SW-2024Q2,16
313,2024-04-28,Loan Repayment 04/2024,LOAN-202404,16
314,2024-05-01,Engineering Salary 05/2024,SAL-202405-D1,17
315,2024-05-30,Marketing Salary 05/2024,SAL-202405-D2,17
316,2024-05-13,Sales Salary 05/2024,SAL-202405-D3,17
317,2024-05-19,Finance Salary 05/2024,SAL-202405-D4,17
318,2024-05-01,Office Rent 05/2024,RENT-202405,17
319,2024-05-14,Sales Revenue 05/2024 #1,REV-202405-01,17
320,2024-05-02,Sales Revenue 05/2024 #2,REV-202405-02,17
321,2024-05-15,Sales Revenue 05/2024 #3,REV-202405-03,17
322,2024-05-13,Sales Revenue 05/2024 #4,REV-202405-04,17
323,2024-05-14,Sales Revenue 05/2024 #5,REV-202405-05,17
324,2024-05-01,Sales Revenue 05/2024 #6,REV-202405-06,17
325,2024-05-12,Service Revenue 05/2024 #1,SVC-202405-01,17
326,2024-05-03,Service Revenue 05/2024 #2,SVC-202405-02,17
327,2024-05-21,Service Revenue 05/2024 #3,SVC-202405-03,17
328,2024-05-31,AR Collection 05/2024 #1,ARC-202405-01,17
329,2024-05-27,AR Collection 05/2024 #2,ARC-202405-02,17
330,2024-05-05,AR Collection 05/2024 #3,ARC-202405-03,17
331,2024-05-04,Marketing Campaign 05/2024,MKT-202405,17
332,2024-05-28,Loan Repayment 05/2024,LOAN-202405,17
333,2024-06-19,Engineering Salary 06/2024,SAL-202406-D1,18
334,2024-06-07,Marketing Salary 06/2024,SAL-202406-D2,18
335,2024-06-15,Sales Salary 06/2024,SAL-202406-D3,18
336,2024-06-23,Finance Salary 06/2024,SAL-202406-D4,18
337,2024-06-01,Office Rent 06/2024,RENT-202406,18
338,2024-06-20,Sales Revenue 06/2024 #1,REV-202406-01,18
339,2024-06-25,Sales Revenue 06/2024 #2,REV-202406-02,18
340,2024-06-04,Sales Revenue 06/2024 #3,REV-202406-03,18
341,2024-06-19,Sales Revenue 06/2024 #4,REV-202406-04,18
342,2024-06-13,Sales Revenue 06/2024 #5,REV-202406-05,18
343,2024-06-23,Service Revenue 06/2024 #1,SVC-202406-01,18
344,2024-06-08,Service Revenue 06/2024 #2,SVC-202406-02,18
345,2024-06-25,Service Revenue 06/2024 #3,SVC-202406-03,18
346,2024-06-20,AR Collection 06/2024 #1,ARC-202406-01,18
347,2024-06-26,AR Collection 06/2024 #2,ARC-202406-02,18
348,2024-06-26,AR Collection 06/2024 #3,ARC-202406-03,18
349,2024-06-18,AR Collection 06/2024 #4,ARC-202406-04,18
350,2024-06-17,Marketing Campaign 06/2024,MKT-202406,18
351,2024-06-28,Loan Repayment 06/2024,LOAN-202406,18
352,2024-07-21,Engineering Salary 07/2024,SAL-202407-D1,19
353,2024-07-11,Marketing Salary 07/2024,SAL-202407-D2,19
354,2024-07-01,Sales Salary 07/2024,SAL-202407-D3,19
355,2024-07-28,Finance Salary 07/2024,SAL-202407-D4,19
356,2024-07-01,Office Rent 07/2024,RENT-202407,19
357,2024-07-31,Sales Revenue 07/2024 #1,REV-202407-01,19
358,2024-07-15,Sales Revenue 07/2024 #2,REV-202407-02,19
359,2024-07-24,Sales Revenue 07/2024 #3,REV-202407-03,19
360,2024-07-20,Sales Revenue 07/2024 #4,REV-202407-04,19
361,2024-07-16,Sales Revenue 07/2024 #5,REV-202407-05,19
362,2024-07-24,Service Revenue 07/2024 #1,SVC-202407-01,19
363,2024-07-11,Service Revenue 07/2024 #2,SVC-202407-02,19
364,2024-07-27,Service Revenue 07/2024 #3,SVC-202407-03,19
365,2024-07-09,Service Revenue 07/2024 #4,SVC-202407-04,19
366,2024-07-15,AR Collection 07/2024 #1,ARC-202407-01,19
367,2024-07-22,AR Collection 07/2024 #2,ARC-202407-02,19
368,2024-07-01,AR Collection 07/2024 #3,ARC-202407-03,19
369,2024-07-11,AR Collection 07/2024 #4,ARC-202407-04,19
370,2024-07-26,Marketing Campaign 07/2024,MKT-202407,19
371,2024-07-09,Software Licenses Q3 2024,SW-2024Q3,19
372,2024-07-28,Loan Repayment 07/2024,LOAN-202407,19
373,2024-08-29,Engineering Salary 08/2024,SAL-202408-D1,20
374,2024-08-20,Marketing Salary 08/2024,SAL-202408-D2,20
375,2024-08-23,Sales Salary 08/2024,SAL-202408-D3,20
376,2024-08-29,Finance Salary 08/2024,SAL-202408-D4,20
377,2024-08-01,Office Rent 08/2024,RENT-202408,20
378,2024-08-07,Sales Revenue 08/2024 #1,REV-202408-01,20
379,2024-08-16,Sales Revenue 08/2024 #2,REV-202408-02,20
380,2024-08-16,Sales Revenue 08/2024 #3,REV-202408-03,20
381,2024-08-26,Sales Revenue 08/2024 #4,REV-202408-04,20
382,2024-08-13,Sales Revenue 08/2024 #5,REV-202408-05,20
383,2024-08-19,Service Revenue 08/2024 #1,SVC-202408-01,20
384,2024-08-18,Service Revenue 08/2024 #2,SVC-202408-02,20
385,2024-08-14,Service Revenue 08/2024 #3,SVC-202408-03,20
386,2024-08-15,AR Collection 08/2024 #1,ARC-202408-01,20
387,2024-08-09,AR Collection 08/2024 #2,ARC-202408-02,20
388,2024-08-24,AR Collection 08/2024 #3,ARC-202408-03,20
389,2024-08-04,AR Collection 08/2024 #4,ARC-202408-04,20
390,2024-08-23,Marketing Campaign 08/2024,MKT-202408,20
391,2024-08-28,Loan Repayment 08/2024,LOAN-202408,20
392,2024-09-06,Engineering Salary 09/2024,SAL-202409-D1,21
393,2024-09-07,Marketing Salary 09/2024,SAL-202409-D2,21
394,2024-09-07,Sales Salary 09/2024,SAL-202409-D3,21
395,2024-09-24,Finance Salary 09/2024,SAL-202409-D4,21
396,2024-09-01,Office Rent 09/2024,RENT-202409,21
397,2024-09-25,Sales Revenue 09/2024 #1,REV-202409-01,21
398,2024-09-04,Sales Revenue 09/2024 #2,REV-202409-02,21
399,2024-09-12,Sales Revenue 09/2024 #3,REV-202409-03,21
400,2024-09-18,Sales Revenue 09/2024 #4,REV-202409-04,21
401,2024-09-02,Sales Revenue 09/2024 #5,REV-202409-05,21
402,2024-09-05,Service Revenue 09/2024 #1,SVC-202409-01,21
403,2024-09-25,Service Revenue 09/2024 #2,SVC-202409-02,21
404,2024-09-28,Service Revenue 09/2024 #3,SVC-202409-03,21
405,2024-09-10,Service Revenue 09/2024 #4,SVC-202409-04,21
406,2024-09-11,AR Collection 09/2024 #1,ARC-202409-01,21
407,2024-09-02,AR Collection 09/2024 #2,ARC-202409-02,21
408,2024-09-28,AR Collection 09/2024 #3,ARC-202409-03,21
409,2024-09-27,AR Collection 09/2024 #4,ARC-202409-04,21
410,2024-09-19,Marketing Campaign 09/2024,MKT-202409,21
411,2024-09-28,Loan Repayment 09/2024,LOAN-202409,21
412,2024-10-21,Engineering Salary 10/2024,SAL-202410-D1,22
413,2024-10-22,Marketing Salary 10/2024,SAL-202410-D2,22
414,2024-10-02,Sales Salary 10/2024,SAL-202410-D3,22
415,2024-10-05,Finance Salary 10/2024,SAL-202410-D4,22
416,2024-10-01,Office Rent 10/2024,RENT-202410,22
417,2024-10-03,Sales Revenue 10/2024 #1,REV-202410-01,22
418,2024-10-25,Sales Revenue 10/2024 #2,REV-202410-02,22
419,2024-10-20,Sales Revenue 10/2024 #3,REV-202410-03,22
420,2024-10-15,Sales Revenue 10/2024 #4,REV-202410-04,22
421,2024-10-19,Service Revenue 10/2024 #1,SVC-202410-01,22
422,2024-10-10,Service Revenue 10/2024 #2,SVC-202410-02,22
423,2024-10-02,Service Revenue 10/2024 #3,SVC-202410-03,22
424,2024-10-24,Service Revenue 10/2024 #4,SVC-202410-04,22
425,2024-10-07,AR Collection 10/2024 #1,ARC-202410-01,22
426,2024-10-09,AR Collection 10/2024 #2,ARC-202410-02,22
427,2024-10-06,AR Collection 10/2024 #3,ARC-202410-03,22
428,2024-10-06,Marketing Campaign 10/2024,MKT-202410,22
429,2024-10-15,Software Licenses Q4 2024,SW-2024Q4,22
430,2024-10-28,Loan Repayment 10/2024,LOAN-202410,22
431,2024-11-23,Engineering Salary 11/2024,SAL-202411-D1,23
432,2024-11-20,Marketing Salary 11/2024,SAL-202411-D2,23
433,2024-11-16,Sales Salary 11/2024,SAL-202411-D3,23
434,2024-11-10,Finance Salary 11/2024,SAL-202411-D4,23
435,2024-11-01,Office Rent 11/2024,RENT-202411,23
436,2024-11-23,Sales Revenue 11/2024 #1,REV-202411-01,23
437,2024-11-08,Sales Revenue 11/2024 #2,REV-202411-02,23
438,2024-11-21,Sales Revenue 11/2024 #3,REV-202411-03,23
439,2024-11-07,Sales Revenue 11/2024 #4,REV-202411-04,23
440,2024-11-08,Service Revenue 11/2024 #1,SVC-202411-01,23
441,2024-11-30,Service Revenue 11/2024 #2,SVC-202411-02,23
442,2024-11-05,Service Revenue 11/2024 #3,SVC-202411-03,23
443,2024-11-06,Service Revenue 11/2024 #4,SVC-202411-04,23
444,2024-11-27,AR Collection 11/2024 #1,ARC-202411-01,23
445,2024-11-10,AR Collection 11/2024 #2,ARC-202411-02,23
446,2024-11-15,AR Collection 11/2024 #3,ARC-202411-03,23
447,2024-11-23,AR Collection 11/2024 #4,ARC-202411-04,23
448,2024-11-18,Marketing Campaign 11/2024,MKT-202411,23
449,2024-11-28,Loan Repayment 11/2024,LOAN-202411,23
450,2024-12-16,Engineering Salary 12/2024,SAL-202412-D1,24
451,2024-12-15,Marketing Salary 12/2024,SAL-202412-D2,24
452,2024-12-03,Sales Salary 12/2024,SAL-202412-D3,24
453,2024-12-20,Finance Salary 12/2024,SAL-202412-D4,24
454,2024-12-01,Office Rent 12/2024,RENT-202412,24
455,2024-12-20,Sales Revenue 12/2024 #1,REV-202412-01,24
456,2024-12-31,Sales Revenue 12/2024 #2,REV-202412-02,24
457,2024-12-19,Sales Revenue 12/2024 #3,REV-202412-03,24
458,2024-12-22,Sales Revenue 12/2024 #4,REV-202412-04,24
459,2024-12-25,Service Revenue 12/2024 #1,SVC-202412-01,24
460,2024-12-16,Service Revenue 12/2024 #2,SVC-202412-02,24
461,2024-12-15,Service Revenue 12/2024 #3,SVC-202412-03,24
462,2024-12-06,Service Revenue 12/2024 #4,SVC-202412-04,24
463,2024-12-16,AR Collection 12/2024 #1,ARC-202412-01,24
464,2024-12-16,AR Collection 12/2024 #2,ARC-202412-02,24
465,2024-12-11,AR Collection 12/2024 #3,ARC-202412-03,24
466,2024-12-04,AR Collection 12/2024 #4,ARC-202412-04,24
467,2024-12-23,Marketing Campaign 12/2024,MKT-202412,24
468,2024-12-28,Loan Repayment 12/2024,LOAN-202412,24
469,2025-01-16,Engineering Salary 01/2025,SAL-202501-D1,25
470,2025-01-10,Marketing Salary 01/2025,SAL-202501-D2,25
471,2025-01-22,Sales Salary 01/2025,SAL-202501-D3,25
472,2025-01-31,Finance Salary 01/2025,SAL-202501-D4,25
473,2025-01-01,Office Rent 01/2025,RENT-202501,25
474,2025-01-15,Sales Revenue 01/2025 #1,REV-202501-01,25
475,2025-01-04,Sales Revenue 01/2025 #2,REV-202501-02,25
476,2025-01-17,Sales Revenue 01/2025 #3,REV-202501-03,25
477,2025-01-28,Sales Revenue 01/2025 #4,REV-202501-04,25
478,2025-01-07,Sales Revenue 01/2025 #5,REV-202501-05,25
479,2025-01-16,Service Revenue 01/2025 #1,SVC-202501-01,25
480,2025-01-25,Service Revenue 01/2025 #2,SVC-202501-02,25
481,2025-01-09,Service Revenue 01/2025 #3,SVC-202501-03,25
482,2025-01-30,Service Revenue 01/2025 #4,SVC-202501-04,25
483,2025-01-23,AR Collection 01/2025 #1,ARC-202501-01,25
484,2025-01-01,AR Collection 01/2025 #2,ARC-202501-02,25
485,2025-01-20,AR Collection 01/2025 #3,ARC-202501-03,25
486,2025-01-23,AR Collection 01/2025 #4,ARC-202501-04,25
487,2025-01-18,Marketing Campaign 01/2025,MKT-202501,25
488,2025-01-08,Software Licenses Q1 2025,SW-2025Q1,25
489,2025-01-28,Loan Repayment 01/2025,LOAN-202501,25
490,2025-02-27,Engineering Salary 02/2025,SAL-202502-D1,26
491,2025-02-04,Marketing Salary 02/2025,SAL-202502-D2,26
492,2025-02-15,Sales Salary 02/2025,SAL-202502-D3,26
493,2025-02-04,Finance Salary 02/2025,SAL-202502-D4,26
494,2025-02-01,Office Rent 02/2025,RENT-202502,26
495,2025-02-23,Sales Revenue 02/2025 #1,REV-202502-01,26
496,2025-02-14,Sales Revenue 02/2025 #2,REV-202502-02,26
497,2025-02-08,Sales Revenue 02/2025 #3,REV-202502-03,26
498,2025-02-07,Sales Revenue 02/2025 #4,REV-202502-04,26
499,2025-02-05,Sales Revenue 02/2025 #5,REV-202502-05,26
500,2025-02-26,Sales Revenue 02/2025 #6,REV-202502-06,26
501,2025-02-26,Service Revenue 02/2025 #1,SVC-202502-01,26
502,2025-02-27,Service Revenue 02/2025 #2,SVC-202502-02,26
503,2025-02-24,Service Revenue 02/2025 #3,SVC-202502-03,26
504,2025-02-19,Service Revenue 02/2025 #4,SVC-202502-04,26
505,2025-02-15,AR Collection 02/2025 #1,ARC-202502-01,26
506,2025-02-12,AR Collection 02/2025 #2,ARC-202502-02,26
507,2025-02-25,AR Collection 02/2025 #3,ARC-202502-03,26
508,2025-02-15,AR Collection 02/2025 #4,ARC-202502-04,26
509,2025-02-23,Marketing Campaign 02/2025,MKT-202502,26
510,2025-02-28,Loan Repayment 02/2025,LOAN-202502,26
511,2025-03-08,Engineering Salary 03/2025,SAL-202503-D1,27
512,2025-03-19,Marketing Salary 03/2025,SAL-202503-D2,27
513,2025-03-13,Sales Salary 03/2025,SAL-202503-D3,27
514,2025-03-08,Finance Salary 03/2025,SAL-202503-D4,27
515,2025-03-01,Office Rent 03/2025,RENT-202503,27
516,2025-03-23,Sales Revenue 03/2025 #1,REV-202503-01,27
517,2025-03-22,Sales Revenue 03/2025 #2,REV-202503-02,27
518,2025-03-05,Sales Revenue 03/2025 #3,REV-202503-03,27
519,2025-03-17,Sales Revenue 03/2025 #4,REV-202503-04,27
520,2025-03-04,Sales Revenue 03/2025 #5,REV-202503-05,27
521,2025-03-30,Service Revenue 03/2025 #1,SVC-202503-01,27
522,2025-03-24,Service Revenue 03/2025 #2,SVC-202503-02,27
523,2025-03-28,Service Revenue 03/2025 #3,SVC-202503-03,27
524,2025-03-05,Service Revenue 03/2025 #4,SVC-202503-04,27
525,2025-03-09,AR Collection 03/2025 #1,ARC-202503-01,27
526,2025-03-23,AR Collection 03/2025 #2,ARC-202503-02,27
527,2025-03-03,AR Collection 03/2025 #3,ARC-202503-03,27
528,2025-03-28,Marketing Campaign 03/2025,MKT-202503,27
529,2025-03-28,Loan Repayment 03/2025,LOAN-202503,27
530,2025-04-18,Engineering Salary 04/2025,SAL-202504-D1,28
531,2025-04-13,Marketing Salary 04/2025,SAL-202504-D2,28
532,2025-04-11,Sales Salary 04/2025,SAL-202504-D3,28
533,2025-04-21,Finance Salary 04/2025,SAL-202504-D4,28
534,2025-04-01,Office Rent 04/2025,RENT-202504,28
535,2025-04-18,Sales Revenue 04/2025 #1,REV-202504-01,28
536,2025-04-21,Sales Revenue 04/2025 #2,REV-202504-02,28
537,2025-04-08,Sales Revenue 04/2025 #3,REV-202504-03,28
538,2025-04-04,Sales Revenue 04/2025 #4,REV-202504-04,28
539,2025-04-04,Sales Revenue 04/2025 #5,REV-202504-05,28
540,2025-04-29,Sales Revenue 04/2025 #6,REV-202504-06,28
541,2025-04-26,Service Revenue 04/2025 #1,SVC-202504-01,28
542,2025-04-12,Service Revenue 04/2025 #2,SVC-202504-02,28
543,2025-04-05,Service Revenue 04/2025 #3,SVC-202504-03,28
544,2025-04-19,AR Collection 04/2025 #1,ARC-202504-01,28
545,2025-04-06,AR Collection 04/2025 #2,ARC-202504-02,28
546,2025-04-03,AR Collection 04/2025 #3,ARC-202504-03,28
547,2025-04-22,Marketing Campaign 04/2025,MKT-202504,28
548,2025-04-30,Software Licenses Q2 2025,SW-2025Q2,28
549,2025-04-28,Loan Repayment 04/2025,LOAN-202504,28
550,2025-05-19,Engineering Salary 05/2025,SAL-202505-D1,29
551,2025-05-05,Marketing Salary 05/2025,SAL-202505-D2,29
552,2025-05-08,Sales Salary 05/2025,SAL-202505-D3,29
553,2025-05-15,Finance Salary 05/2025,SAL-202505-D4,29
554,2025-05-01,Office Rent 05/2025,RENT-202505,29
555,2025-05-01,Sales Revenue 05/2025 #1,REV-202505-01,29
556,2025-05-10,Sales Revenue 05/2025 #2,REV-202505-02,29
557,2025-05-15,Sales Revenue 05/2025 #3,REV-202505-03,29
558,2025-05-10,Sales Revenue 05/2025 #4,REV-202505-04,29
559,2025-05-09,Sales Revenue 05/2025 #5,REV-202505-05,29
560,2025-05-13,Sales Revenue 05/2025 #6,REV-202505-06,29
561,2025-05-13,Service Revenue 05/2025 #1,SVC-202505-01,29
562,2025-05-19,Service Revenue 05/2025 #2,SVC-202505-02,29
563,2025-05-23,Service Revenue 05/2025 #3,SVC-202505-03,29
564,2025-05-27,Service Revenue 05/2025 #4,SVC-202505-04,29
565,2025-05-19,AR Collection 05/2025 #1,ARC-202505-01,29
566,2025-05-25,AR Collection 05/2025 #2,ARC-202505-02,29
567,2025-05-02,AR Collection 05/2025 #3,ARC-202505-03,29
568,2025-05-24,AR Collection 05/2025 #4,ARC-202505-04,29
569,2025-05-10,Marketing Campaign 05/2025,MKT-202505,29
570,2025-05-28,Loan Repayment 05/2025,LOAN-202505,29
571,2025-06-25,Engineering Salary 06/2025,SAL-202506-D1,30
572,2025-06-26,Marketing Salary 06/2025,SAL-202506-D2,30
573,2025-06-08,Sales Salary 06/2025,SAL-202506-D3,30
574,2025-06-20,Finance Salary 06/2025,SAL-202506-D4,30
575,2025-06-01,Office Rent 06/2025,RENT-202506,30
576,2025-06-09,Sales Revenue 06/2025 #1,REV-202506-01,30
577,2025-06-22,Sales Revenue 06/2025 #2,REV-202506-02,30
578,2025-06-04,Sales Revenue 06/2025 #3,REV-202506-03,30
579,2025-06-10,Sales Revenue 06/2025 #4,REV-202506-04,30
580,2025-06-12,Sales Revenue 06/2025 #5,REV-202506-05,30
581,2025-06-10,Service Revenue 06/2025 #1,SVC-202506-01,30
582,2025-06-14,Service Revenue 06/2025 #2,SVC-202506-02,30
583,2025-06-05,Service Revenue 06/2025 #3,SVC-202506-03,30
584,2025-06-30,AR Collection 06/2025 #1,ARC-202506-01,30
585,2025-06-06,AR Collection 06/2025 #2,ARC-202506-02,30
586,2025-06-27,AR Collection 06/2025 #3,ARC-202506-03,30
587,2025-06-26,AR Collection 06/2025 #4,ARC-202506-04,30
588,2025-06-26,Marketing Campaign 06/2025,MKT-202506,30
589,2025-06-28,Loan Repayment 06/2025,LOAN-202506,30
590,2025-07-04,Engineering Salary 07/2025,SAL-202507-D1,31
591,2025-07-15,Marketing Salary 07/2025,SAL-202507-D2,31
592,2025-07-31,Sales Salary 07/2025,SAL-202507-D3,31
593,2025-07-03,Finance Salary 07/2025,SAL-202507-D4,31
594,2025-07-01,Office Rent 07/2025,RENT-202507,31
595,2025-07-22,Sales Revenue 07/2025 #1,REV-202507-01,31
596,2025-07-31,Sales Revenue 07/2025 #2,REV-202507-02,31
597,2025-07-03,Sales Revenue 07/2025 #3,REV-202507-03,31
598,2025-07-18,Sales Revenue 07/2025 #4,REV-202507-04,31
599,2025-07-22,Service Revenue 07/2025 #1,SVC-202507-01,31
600,2025-07-09,Service Revenue 07/2025 #2,SVC-202507-02,31
601,2025-07-27,Service Revenue 07/2025 #3,SVC-202507-03,31
602,2025-07-08,AR Collection 07/2025 #1,ARC-202507-01,31
603,2025-07-20,AR Collection 07/2025 #2,ARC-202507-02,31
604,2025-07-18,AR Collection 07/2025 #3,ARC-202507-03,31
605,2025-07-20,AR Collection 07/2025 #4,ARC-202507-04,31
606,2025-07-27,Marketing Campaign 07/2025,MKT-202507,31
607,2025-07-23,Software Licenses Q3 2025,SW-2025Q3,31
608,2025-07-28,Loan Repayment 07/2025,LOAN-202507,31
609,2025-08-10,Engineering Salary 08/2025,SAL-202508-D1,32
610,2025-08-21,Marketing Salary 08/2025,SAL-202508-D2,32
611,2025-08-14,Sales Salary 08/2025,SAL-202508-D3,32
612,2025-08-04,Finance Salary 08/2025,SAL-202508-D4,32
613,2025-08-01,Office Rent 08/2025,RENT-202508,32
614,2025-08-16,Sales Revenue 08/2025 #1,REV-202508-01,32
615,2025-08-18,Sales Revenue 08/2025 #2,REV-202508-02,32
616,2025-08-22,Sales Revenue 08/2025 #3,REV-202508-03,32
617,2025-08-18,Sales Revenue 08/2025 #4,REV-202508-04,32
618,2025-08-24,Service Revenue 08/2025 #1,SVC-202508-01,32
619,2025-08-14,Service Revenue 08/2025 #2,SVC-202508-02,32
620,2025-08-27,Service Revenue 08/2025 #3,SVC-202508-03,32
621,2025-08-14,Service Revenue 08/2025 #4,SVC-202508-04,32
622,2025-08-12,AR Collection 08/2025 #1,ARC-202508-01,32
623,2025-08-15,AR Collection 08/2025 #2,ARC-202508-02,32
624,2025-08-28,AR Collection 08/2025 #3,ARC-202508-03,32
625,2025-08-22,AR Collection 08/2025 #4,ARC-202508-04,32
626,2025-08-21,Marketing Campaign 08/2025,MKT-202508,32
627,2025-08-28,Loan Repayment 08/2025,LOAN-202508,32
628,2025-09-12,Engineering Salary 09/2025,SAL-202509-D1,33
629,2025-09-02,Marketing Salary 09/2025,SAL-202509-D2,33
630,2025-09-13,Sales Salary 09/2025,SAL-202509-D3,33
631,2025-09-09,Finance Salary 09/2025,SAL-202509-D4,33
632,2025-09-01,Office Rent 09/2025,RENT-202509,33
633,2025-09-27,Sales Revenue 09/2025 #1,REV-202509-01,33
634,2025-09-21,Sales Revenue 09/2025 #2,REV-202509-02,33
635,2025-09-02,Sales Revenue 09/2025 #3,REV-202509-03,33
636,2025-09-05,Sales Revenue 09/2025 #4,REV-202509-04,33
637,2025-09-25,Service Revenue 09/2025 #1,SVC-202509-01,33
638,2025-09-19,Service Revenue 09/2025 #2,SVC-202509-02,33
639,2025-09-28,Service Revenue 09/2025 #3,SVC-202509-03,33
640,2025-09-05,AR Collection 09/2025 #1,ARC-202509-01,33
641,2025-09-20,AR Collection 09/2025 #2,ARC-202509-02,33
642,2025-09-28,AR Collection 09/2025 #3,ARC-202509-03,33
643,2025-09-18,Marketing Campaign 09/2025,MKT-202509,33
644,2025-09-28,Loan Repayment 09/2025,LOAN-202509,33
645,2025-10-09,Engineering Salary 10/2025,SAL-202510-D1,34
646,2025-10-26,Marketing Salary 10/2025,SAL-202510-D2,34
647,2025-10-06,Sales Salary 10/2025,SAL-202510-D3,34
648,2025-10-04,Finance Salary 10/2025,SAL-202510-D4,34
649,2025-10-01,Office Rent 10/2025,RENT-202510,34
650,2025-10-12,Sales Revenue 10/2025 #1,REV-202510-01,34
651,2025-10-11,Sales Revenue 10/2025 #2,REV-202510-02,34
652,2025-10-05,Sales Revenue 10/2025 #3,REV-202510-03,34
653,2025-10-24,Sales Revenue 10/2025 #4,REV-202510-04,34
654,2025-10-12,Sales Revenue 10/2025 #5,REV-202510-05,34
655,2025-10-17,Sales Revenue 10/2025 #6,REV-202510-06,34
656,2025-10-02,Service Revenue 10/2025 #1,SVC-202510-01,34
657,2025-10-30,Service Revenue 10/2025 #2,SVC-202510-02,34
658,2025-10-17,Service Revenue 10/2025 #3,SVC-202510-03,34
659,2025-10-31,AR Collection 10/2025 #1,ARC-202510-01,34
660,2025-10-16,AR Collection 10/2025 #2,ARC-202510-02,34
661,2025-10-14,AR Collection 10/2025 #3,ARC-202510-03,34
662,2025-10-16,AR Collection 10/2025 #4,ARC-202510-04,34
663,2025-10-29,Marketing Campaign 10/2025,MKT-202510,34
664,2025-10-20,Software Licenses Q4 2025,SW-2025Q4,34
665,2025-10-28,Loan Repayment 10/2025,LOAN-202510,34
666,2025-11-05,Engineering Salary 11/2025,SAL-202511-D1,35
667,2025-11-03,Marketing Salary 11/2025,SAL-202511-D2,35
668,2025-11-05,Sales Salary 11/2025,SAL-202511-D3,35
669,2025-11-09,Finance Salary 11/2025,SAL-202511-D4,35
670,2025-11-01,Office Rent 11/2025,RENT-202511,35
671,2025-11-11,Sales Revenue 11/2025 #1,REV-202511-01,35
672,2025-11-10,Sales Revenue 11/2025 #2,REV-202511-02,35
673,2025-11-04,Sales Revenue 11/2025 #3,REV-202511-03,35
674,2025-11-21,Sales Revenue 11/2025 #4,REV-202511-04,35
675,2025-11-24,Sales Revenue 11/2025 #5,REV-202511-05,35
676,2025-11-29,Sales Revenue 11/2025 #6,REV-202511-06,35
677,2025-11-27,Service Revenue 11/2025 #1,SVC-202511-01,35
678,2025-11-14,Service Revenue 11/2025 #2,SVC-202511-02,35
679,2025-11-11,Service Revenue 11/2025 #3,SVC-202511-03,35
680,2025-11-09,AR Collection 11/2025 #1,ARC-202511-01,35
681,2025-11-05,AR Collection 11/2025 #2,ARC-202511-02,35
682,2025-11-16,AR Collection 11/2025 #3,ARC-202511-03,35
683,2025-11-27,AR Collection 11/2025 #4,ARC-202511-04,35
684,2025-11-24,Marketing Campaign 11/2025,MKT-202511,35
685,2025-11-28,Loan Repayment 11/2025,LOAN-202511,35
686,2025-12-24,Engineering Salary 12/2025,SAL-202512-D1,36
687,2025-12-12,Marketing Salary 12/2025,SAL-202512-D2,36
688,2025-12-26,Sales Salary 12/2025,SAL-202512-D3,36
689,2025-12-05,Finance Salary 12/2025,SAL-202512-D4,36
690,2025-12-01,Office Rent 12/2025,RENT-202512,36
691,2025-12-18,Sales Revenue 12/2025 #1,REV-202512-01,36
692,2025-12-12,Sales Revenue 12/2025 #2,REV-202512-02,36
693,2025-12-14,Sales Revenue 12/2025 #3,REV-202512-03,36
694,2025-12-31,Sales Revenue 12/2025 #4,REV-202512-04,36
695,2025-12-04,Sales Revenue 12/2025 #5,REV-202512-05,36
696,2025-12-22,Sales Revenue 12/2025 #6,REV-202512-06,36
697,2025-12-04,Service Revenue 12/2025 #1,SVC-202512-01,36
698,2025-12-18,Service Revenue 12/2025 #2,SVC-202512-02,36
699,2025-12-25,Service Revenue 12/2025 #3,SVC-202512-03,36
700,2025-12-08,Service Revenue 12/2025 #4,SVC-202512-04,36
701,2025-12-25,AR Collection 12/2025 #1,ARC-202512-01,36
702,2025-12-20,AR Collection 12/2025 #2,ARC-202512-02,36
703,2025-12-18,AR Collection 12/2025 #3,ARC-202512-03,36
704,2025-12-30,AR Collection 12/2025 #4,ARC-202512-04,36
705,2025-12-01,Marketing Campaign 12/2025,MKT-202512,36
706,2025-12-28,Loan Repayment 12/2025,LOAN-202512,36
707,2023-03-06,Laptop purchase - Engineering,EQ-202303,3
708,2023-09-09,Server equipment purchase,EQ-202309,9
709,2024-02-23,Office furniture purchase,EQ-202402,14
710,2024-07-25,Development workstations,EQ-202407,19
711,2025-01-10,Video conferencing equipment,EQ-202501,25
712,2025-06-30,Network infrastructure upgrade,EQ-202506,30
